names,image_paths,mask_paths,labels
sarpol_001,sarpol-zahab-tents/data/images/sarpol_001.jpg,output/predictions/sarpol_001.png,-0.4703584
sarpol_002,sarpol-zahab-tents/data/images/sarpol_002.jpg,output/predictions/sarpol_002.png,-0.4703584
sarpol_003,sarpol-zahab-tents/data/images/sarpol_003.jpg,output/predictions/sarpol_003.png,-0.4703584
sarpol_004,sarpol-zahab-tents/data/images/sarpol_004.jpg,output/predictions/sarpol_004.png,-0.4703584
sarpol_005,sarpol-zahab-tents/data/images/sarpol_005.jpg,output/predictions/sarpol_005.png,-0.4703584
sarpol_006,sarpol-zahab-tents/data/images/sarpol_006.jpg,output/predictions/sarpol_006.png,-0.4703584
sarpol_007,sarpol-zahab-tents/data/images/sarpol_007.jpg,output/predictions/sarpol_007.png,-0.4703584
sarpol_008,sarpol-zahab-tents/data/images/sarpol_008.jpg,output/predictions/sarpol_008.png,-0.4703584
sarpol_009,sarpol-zahab-tents/data/images/sarpol_009.jpg,output/predictions/sarpol_009.png,-0.4703584
sarpol_010,sarpol-zahab-tents/data/images/sarpol_010.jpg,output/predictions/sarpol_010.png,-0.4703584
sarpol_011,sarpol-zahab-tents/data/images/sarpol_011.jpg,output/predictions/sarpol_011.png,-0.4703584
sarpol_012,sarpol-zahab-tents/data/images/sarpol_012.jpg,output/predictions/sarpol_012.png,-0.4703584
sarpol_013,sarpol-zahab-tents/data/images/sarpol_013.jpg,output/predictions/sarpol_013.png,-0.4703584
sarpol_014,sarpol-zahab-tents/data/images/sarpol_014.jpg,output/predictions/sarpol_014.png,-0.4703584
sarpol_015,sarpol-zahab-tents/data/images/sarpol_015.jpg,output/predictions/sarpol_015.png,-0.4703584
sarpol_016,sarpol-zahab-tents/data/images/sarpol_016.jpg,output/predictions/sarpol_016.png,-0.4703584
sarpol_017,sarpol-zahab-tents/data/images/sarpol_017.jpg,output/predictions/sarpol_017.png,-0.4703584
sarpol_018,sarpol-zahab-tents/data/images/sarpol_018.jpg,output/predictions/sarpol_018.png,-0.4703584
sarpol_019,sarpol-zahab-tents/data/images/sarpol_019.jpg,output/predictions/sarpol_019.png,-0.4703584
sarpol_020,sarpol-zahab-tents/data/images/sarpol_020.jpg,output/predictions/sarpol_020.png,-0.4703584
sarpol_021,sarpol-zahab-tents/data/images/sarpol_021.jpg,output/predictions/sarpol_021.png,-0.4703584
sarpol_022,sarpol-zahab-tents/data/images/sarpol_022.jpg,output/predictions/sarpol_022.png,-0.4703584
sarpol_023,sarpol-zahab-tents/data/images/sarpol_023.jpg,output/predictions/sarpol_023.png,-0.4703584
sarpol_024,sarpol-zahab-tents/data/images/sarpol_024.jpg,output/predictions/sarpol_024.png,-0.4703584
sarpol_025,sarpol-zahab-tents/data/images/sarpol_025.jpg,output/predictions/sarpol_025.png,-0.4703584
sarpol_026,sarpol-zahab-tents/data/images/sarpol_026.jpg,output/predictions/sarpol_026.png,-0.4703584
sarpol_027,sarpol-zahab-tents/data/images/sarpol_027.jpg,output/predictions/sarpol_027.png,-0.4703584
sarpol_028,sarpol-zahab-tents/data/images/sarpol_028.jpg,output/predictions/sarpol_028.png,-0.4703584
sarpol_029,sarpol-zahab-tents/data/images/sarpol_029.jpg,output/predictions/sarpol_029.png,-0.4703584
sarpol_030,sarpol-zahab-tents/data/images/sarpol_030.jpg,output/predictions/sarpol_030.png,-0.4703584
sarpol_031,sarpol-zahab-tents/data/images/sarpol_031.jpg,output/predictions/sarpol_031.png,-0.4703584
sarpol_032,sarpol-zahab-tents/data/images/sarpol_032.jpg,output/predictions/sarpol_032.png,-0.4703584
sarpol_033,sarpol-zahab-tents/data/images/sarpol_033.jpg,output/predictions/sarpol_033.png,-0.4703584
sarpol_034,sarpol-zahab-tents/data/images/sarpol_034.jpg,output/predictions/sarpol_034.png,-0.4703584
sarpol_035,sarpol-zahab-tents/data/images/sarpol_035.jpg,output/predictions/sarpol_035.png,-0.4703584
sarpol_036,sarpol-zahab-tents/data/images/sarpol_036.jpg,output/predictions/sarpol_036.png,-0.4703584
sarpol_037,sarpol-zahab-tents/data/images/sarpol_037.jpg,output/predictions/sarpol_037.png,-0.4703584
sarpol_038,sarpol-zahab-tents/data/images/sarpol_038.jpg,output/predictions/sarpol_038.png,-0.4703584
sarpol_039,sarpol-zahab-tents/data/images/sarpol_039.jpg,output/predictions/sarpol_039.png,-0.4703584
sarpol_040,sarpol-zahab-tents/data/images/sarpol_040.jpg,output/predictions/sarpol_040.png,-0.4703584
sarpol_041,sarpol-zahab-tents/data/images/sarpol_041.jpg,output/predictions/sarpol_041.png,-0.4703584
sarpol_042,sarpol-zahab-tents/data/images/sarpol_042.jpg,output/predictions/sarpol_042.png,-0.4703584
sarpol_043,sarpol-zahab-tents/data/images/sarpol_043.jpg,output/predictions/sarpol_043.png,-0.4703584
sarpol_044,sarpol-zahab-tents/data/images/sarpol_044.jpg,output/predictions/sarpol_044.png,-0.4703584
sarpol_045,sarpol-zahab-tents/data/images/sarpol_045.jpg,output/predictions/sarpol_045.png,-0.4703584
sarpol_046,sarpol-zahab-tents/data/images/sarpol_046.jpg,output/predictions/sarpol_046.png,-0.4703584
sarpol_047,sarpol-zahab-tents/data/images/sarpol_047.jpg,output/predictions/sarpol_047.png,-0.4703584
sarpol_048,sarpol-zahab-tents/data/images/sarpol_048.jpg,output/predictions/sarpol_048.png,-0.4703584
sarpol_049,sarpol-zahab-tents/data/images/sarpol_049.jpg,output/predictions/sarpol_049.png,-0.4703584
sarpol_050,sarpol-zahab-tents/data/images/sarpol_050.jpg,output/predictions/sarpol_050.png,-0.4703584
sarpol_051,sarpol-zahab-tents/data/images/sarpol_051.jpg,output/predictions/sarpol_051.png,-0.4703584
sarpol_052,sarpol-zahab-tents/data/images/sarpol_052.jpg,output/predictions/sarpol_052.png,-0.4703584
sarpol_053,sarpol-zahab-tents/data/images/sarpol_053.jpg,output/predictions/sarpol_053.png,-0.4703584
sarpol_054,sarpol-zahab-tents/data/images/sarpol_054.jpg,output/predictions/sarpol_054.png,-0.4703584
sarpol_055,sarpol-zahab-tents/data/images/sarpol_055.jpg,output/predictions/sarpol_055.png,-0.4703584
sarpol_056,sarpol-zahab-tents/data/images/sarpol_056.jpg,output/predictions/sarpol_056.png,-0.4703584
sarpol_057,sarpol-zahab-tents/data/images/sarpol_057.jpg,output/predictions/sarpol_057.png,-0.4703584
sarpol_058,sarpol-zahab-tents/data/images/sarpol_058.jpg,output/predictions/sarpol_058.png,-0.4703584
sarpol_059,sarpol-zahab-tents/data/images/sarpol_059.jpg,output/predictions/sarpol_059.png,-0.4703584
sarpol_060,sarpol-zahab-tents/data/images/sarpol_060.jpg,output/predictions/sarpol_060.png,-0.4703584
sarpol_061,sarpol-zahab-tents/data/images/sarpol_061.jpg,output/predictions/sarpol_061.png,-0.4703584
sarpol_062,sarpol-zahab-tents/data/images/sarpol_062.jpg,output/predictions/sarpol_062.png,-0.4703584
sarpol_063,sarpol-zahab-tents/data/images/sarpol_063.jpg,output/predictions/sarpol_063.png,-0.4703584
sarpol_064,sarpol-zahab-tents/data/images/sarpol_064.jpg,output/predictions/sarpol_064.png,-0.4703584
sarpol_065,sarpol-zahab-tents/data/images/sarpol_065.jpg,output/predictions/sarpol_065.png,-0.4703584
sarpol_066,sarpol-zahab-tents/data/images/sarpol_066.jpg,output/predictions/sarpol_066.png,-0.4703584
sarpol_067,sarpol-zahab-tents/data/images/sarpol_067.jpg,output/predictions/sarpol_067.png,-0.4703584
sarpol_068,sarpol-zahab-tents/data/images/sarpol_068.jpg,output/predictions/sarpol_068.png,-0.4703584
sarpol_069,sarpol-zahab-tents/data/images/sarpol_069.jpg,output/predictions/sarpol_069.png,-0.4703584
sarpol_070,sarpol-zahab-tents/data/images/sarpol_070.jpg,output/predictions/sarpol_070.png,-0.4703584
sarpol_071,sarpol-zahab-tents/data/images/sarpol_071.jpg,output/predictions/sarpol_071.png,-0.4703584
sarpol_072,sarpol-zahab-tents/data/images/sarpol_072.jpg,output/predictions/sarpol_072.png,-0.4703584
sarpol_073,sarpol-zahab-tents/data/images/sarpol_073.jpg,output/predictions/sarpol_073.png,-0.4703584
sarpol_074,sarpol-zahab-tents/data/images/sarpol_074.jpg,output/predictions/sarpol_074.png,-0.4703584
sarpol_075,sarpol-zahab-tents/data/images/sarpol_075.jpg,output/predictions/sarpol_075.png,-0.4703584
sarpol_076,sarpol-zahab-tents/data/images/sarpol_076.jpg,output/predictions/sarpol_076.png,-0.4703584
sarpol_077,sarpol-zahab-tents/data/images/sarpol_077.jpg,output/predictions/sarpol_077.png,-0.4703584
sarpol_078,sarpol-zahab-tents/data/images/sarpol_078.jpg,output/predictions/sarpol_078.png,-0.4703584
sarpol_079,sarpol-zahab-tents/data/images/sarpol_079.jpg,output/predictions/sarpol_079.png,-0.4703584
sarpol_080,sarpol-zahab-tents/data/images/sarpol_080.jpg,output/predictions/sarpol_080.png,-0.4703584
sarpol_081,sarpol-zahab-tents/data/images/sarpol_081.jpg,output/predictions/sarpol_081.png,-0.4703584
sarpol_082,sarpol-zahab-tents/data/images/sarpol_082.jpg,output/predictions/sarpol_082.png,-0.4703584
sarpol_083,sarpol-zahab-tents/data/images/sarpol_083.jpg,output/predictions/sarpol_083.png,-0.4703584
sarpol_084,sarpol-zahab-tents/data/images/sarpol_084.jpg,output/predictions/sarpol_084.png,-0.4703584
sarpol_085,sarpol-zahab-tents/data/images/sarpol_085.jpg,output/predictions/sarpol_085.png,-0.4703584
sarpol_086,sarpol-zahab-tents/data/images/sarpol_086.jpg,output/predictions/sarpol_086.png,-0.4703584
sarpol_087,sarpol-zahab-tents/data/images/sarpol_087.jpg,output/predictions/sarpol_087.png,-0.4703584
sarpol_088,sarpol-zahab-tents/data/images/sarpol_088.jpg,output/predictions/sarpol_088.png,-0.4703584
sarpol_089,sarpol-zahab-tents/data/images/sarpol_089.jpg,output/predictions/sarpol_089.png,-0.4703584
sarpol_090,sarpol-zahab-tents/data/images/sarpol_090.jpg,output/predictions/sarpol_090.png,-0.4703584
sarpol_091,sarpol-zahab-tents/data/images/sarpol_091.jpg,output/predictions/sarpol_091.png,-0.4703584
sarpol_092,sarpol-zahab-tents/data/images/sarpol_092.jpg,output/predictions/sarpol_092.png,-0.4703584
sarpol_093,sarpol-zahab-tents/data/images/sarpol_093.jpg,output/predictions/sarpol_093.png,-0.4703584
sarpol_094,sarpol-zahab-tents/data/images/sarpol_094.jpg,output/predictions/sarpol_094.png,-0.4703584
sarpol_095,sarpol-zahab-tents/data/images/sarpol_095.jpg,output/predictions/sarpol_095.png,-0.4703584
sarpol_096,sarpol-zahab-tents/data/images/sarpol_096.jpg,output/predictions/sarpol_096.png,-0.4703584
sarpol_097,sarpol-zahab-tents/data/images/sarpol_097.jpg,output/predictions/sarpol_097.png,-0.4703584
sarpol_098,sarpol-zahab-tents/data/images/sarpol_098.jpg,output/predictions/sarpol_098.png,-0.4703584
sarpol_099,sarpol-zahab-tents/data/images/sarpol_099.jpg,output/predictions/sarpol_099.png,-0.4703584
sarpol_100,sarpol-zahab-tents/data/images/sarpol_100.jpg,output/predictions/sarpol_100.png,-0.4703584
sarpol_101,sarpol-zahab-tents/data/images/sarpol_101.jpg,output/predictions/sarpol_101.png,-0.4703584
sarpol_102,sarpol-zahab-tents/data/images/sarpol_102.jpg,output/predictions/sarpol_102.png,-0.4703584
sarpol_103,sarpol-zahab-tents/data/images/sarpol_103.jpg,output/predictions/sarpol_103.png,-0.4703584
sarpol_104,sarpol-zahab-tents/data/images/sarpol_104.jpg,output/predictions/sarpol_104.png,-0.4703584
sarpol_105,sarpol-zahab-tents/data/images/sarpol_105.jpg,output/predictions/sarpol_105.png,-0.4703584
sarpol_106,sarpol-zahab-tents/data/images/sarpol_106.jpg,output/predictions/sarpol_106.png,-0.4703584
sarpol_107,sarpol-zahab-tents/data/images/sarpol_107.jpg,output/predictions/sarpol_107.png,-0.4703584
sarpol_108,sarpol-zahab-tents/data/images/sarpol_108.jpg,output/predictions/sarpol_108.png,-0.4703584
sarpol_109,sarpol-zahab-tents/data/images/sarpol_109.jpg,output/predictions/sarpol_109.png,-0.4703584
sarpol_110,sarpol-zahab-tents/data/images/sarpol_110.jpg,output/predictions/sarpol_110.png,-0.4703584
sarpol_111,sarpol-zahab-tents/data/images/sarpol_111.jpg,output/predictions/sarpol_111.png,-0.4703584
sarpol_112,sarpol-zahab-tents/data/images/sarpol_112.jpg,output/predictions/sarpol_112.png,-0.4703584
sarpol_113,sarpol-zahab-tents/data/images/sarpol_113.jpg,output/predictions/sarpol_113.png,-0.4703584
sarpol_114,sarpol-zahab-tents/data/images/sarpol_114.jpg,output/predictions/sarpol_114.png,-0.4703584
sarpol_115,sarpol-zahab-tents/data/images/sarpol_115.jpg,output/predictions/sarpol_115.png,-0.4703584
sarpol_116,sarpol-zahab-tents/data/images/sarpol_116.jpg,output/predictions/sarpol_116.png,-0.4703584
sarpol_117,sarpol-zahab-tents/data/images/sarpol_117.jpg,output/predictions/sarpol_117.png,-0.4703584
sarpol_118,sarpol-zahab-tents/data/images/sarpol_118.jpg,output/predictions/sarpol_118.png,-0.4703584
sarpol_119,sarpol-zahab-tents/data/images/sarpol_119.jpg,output/predictions/sarpol_119.png,-0.4703584
sarpol_120,sarpol-zahab-tents/data/images/sarpol_120.jpg,output/predictions/sarpol_120.png,-0.4703584
sarpol_121,sarpol-zahab-tents/data/images/sarpol_121.jpg,output/predictions/sarpol_121.png,-0.4703584
sarpol_122,sarpol-zahab-tents/data/images/sarpol_122.jpg,output/predictions/sarpol_122.png,-0.4703584
sarpol_123,sarpol-zahab-tents/data/images/sarpol_123.jpg,output/predictions/sarpol_123.png,-0.4703584
sarpol_124,sarpol-zahab-tents/data/images/sarpol_124.jpg,output/predictions/sarpol_124.png,-0.4703584
sarpol_125,sarpol-zahab-tents/data/images/sarpol_125.jpg,output/predictions/sarpol_125.png,-0.4703584
sarpol_126,sarpol-zahab-tents/data/images/sarpol_126.jpg,output/predictions/sarpol_126.png,-0.4703584
sarpol_127,sarpol-zahab-tents/data/images/sarpol_127.jpg,output/predictions/sarpol_127.png,-0.4703584
sarpol_128,sarpol-zahab-tents/data/images/sarpol_128.jpg,output/predictions/sarpol_128.png,-0.4703584
sarpol_129,sarpol-zahab-tents/data/images/sarpol_129.jpg,output/predictions/sarpol_129.png,-0.4703584
sarpol_130,sarpol-zahab-tents/data/images/sarpol_130.jpg,output/predictions/sarpol_130.png,-0.4703584
sarpol_131,sarpol-zahab-tents/data/images/sarpol_131.jpg,output/predictions/sarpol_131.png,-0.4703584
sarpol_132,sarpol-zahab-tents/data/images/sarpol_132.jpg,output/predictions/sarpol_132.png,-0.4703584
sarpol_133,sarpol-zahab-tents/data/images/sarpol_133.jpg,output/predictions/sarpol_133.png,-0.4703584
sarpol_134,sarpol-zahab-tents/data/images/sarpol_134.jpg,output/predictions/sarpol_134.png,-0.4703584
sarpol_135,sarpol-zahab-tents/data/images/sarpol_135.jpg,output/predictions/sarpol_135.png,-0.4703584
sarpol_136,sarpol-zahab-tents/data/images/sarpol_136.jpg,output/predictions/sarpol_136.png,-0.4703584
sarpol_137,sarpol-zahab-tents/data/images/sarpol_137.jpg,output/predictions/sarpol_137.png,-0.4703584
sarpol_138,sarpol-zahab-tents/data/images/sarpol_138.jpg,output/predictions/sarpol_138.png,-0.4703584
sarpol_139,sarpol-zahab-tents/data/images/sarpol_139.jpg,output/predictions/sarpol_139.png,-0.4703584
sarpol_140,sarpol-zahab-tents/data/images/sarpol_140.jpg,output/predictions/sarpol_140.png,-0.4703584
sarpol_141,sarpol-zahab-tents/data/images/sarpol_141.jpg,output/predictions/sarpol_141.png,-0.4703584
sarpol_142,sarpol-zahab-tents/data/images/sarpol_142.jpg,output/predictions/sarpol_142.png,-0.4703584
sarpol_143,sarpol-zahab-tents/data/images/sarpol_143.jpg,output/predictions/sarpol_143.png,-0.4703584
sarpol_144,sarpol-zahab-tents/data/images/sarpol_144.jpg,output/predictions/sarpol_144.png,-0.4703584
sarpol_145,sarpol-zahab-tents/data/images/sarpol_145.jpg,output/predictions/sarpol_145.png,-0.4703584
sarpol_146,sarpol-zahab-tents/data/images/sarpol_146.jpg,output/predictions/sarpol_146.png,-0.4703584
sarpol_147,sarpol-zahab-tents/data/images/sarpol_147.jpg,output/predictions/sarpol_147.png,-0.4703584
sarpol_148,sarpol-zahab-tents/data/images/sarpol_148.jpg,output/predictions/sarpol_148.png,-0.4703584
sarpol_149,sarpol-zahab-tents/data/images/sarpol_149.jpg,output/predictions/sarpol_149.png,-0.4703584
sarpol_150,sarpol-zahab-tents/data/images/sarpol_150.jpg,output/predictions/sarpol_150.png,-0.4703584
sarpol_151,sarpol-zahab-tents/data/images/sarpol_151.jpg,output/predictions/sarpol_151.png,-0.4703584
sarpol_152,sarpol-zahab-tents/data/images/sarpol_152.jpg,output/predictions/sarpol_152.png,-0.4703584
sarpol_153,sarpol-zahab-tents/data/images/sarpol_153.jpg,output/predictions/sarpol_153.png,-0.4703584
sarpol_154,sarpol-zahab-tents/data/images/sarpol_154.jpg,output/predictions/sarpol_154.png,-0.4703584
sarpol_155,sarpol-zahab-tents/data/images/sarpol_155.jpg,output/predictions/sarpol_155.png,-0.4703584
sarpol_156,sarpol-zahab-tents/data/images/sarpol_156.jpg,output/predictions/sarpol_156.png,-0.4703584
sarpol_157,sarpol-zahab-tents/data/images/sarpol_157.jpg,output/predictions/sarpol_157.png,-0.4703584
sarpol_158,sarpol-zahab-tents/data/images/sarpol_158.jpg,output/predictions/sarpol_158.png,-0.4703584
sarpol_159,sarpol-zahab-tents/data/images/sarpol_159.jpg,output/predictions/sarpol_159.png,-0.4703584
sarpol_160,sarpol-zahab-tents/data/images/sarpol_160.jpg,output/predictions/sarpol_160.png,-0.4703584
sarpol_161,sarpol-zahab-tents/data/images/sarpol_161.jpg,output/predictions/sarpol_161.png,-0.4703584
sarpol_162,sarpol-zahab-tents/data/images/sarpol_162.jpg,output/predictions/sarpol_162.png,-0.4703584
sarpol_163,sarpol-zahab-tents/data/images/sarpol_163.jpg,output/predictions/sarpol_163.png,-0.4703584
sarpol_164,sarpol-zahab-tents/data/images/sarpol_164.jpg,output/predictions/sarpol_164.png,-0.4703584
sarpol_165,sarpol-zahab-tents/data/images/sarpol_165.jpg,output/predictions/sarpol_165.png,-0.4703584
sarpol_166,sarpol-zahab-tents/data/images/sarpol_166.jpg,output/predictions/sarpol_166.png,-0.4703584
sarpol_167,sarpol-zahab-tents/data/images/sarpol_167.jpg,output/predictions/sarpol_167.png,-0.4703584
sarpol_168,sarpol-zahab-tents/data/images/sarpol_168.jpg,output/predictions/sarpol_168.png,-0.4703584
sarpol_169,sarpol-zahab-tents/data/images/sarpol_169.jpg,output/predictions/sarpol_169.png,-0.4703584
sarpol_170,sarpol-zahab-tents/data/images/sarpol_170.jpg,output/predictions/sarpol_170.png,-0.4703584
sarpol_171,sarpol-zahab-tents/data/images/sarpol_171.jpg,output/predictions/sarpol_171.png,-0.4703584
sarpol_172,sarpol-zahab-tents/data/images/sarpol_172.jpg,output/predictions/sarpol_172.png,-0.4703584
sarpol_173,sarpol-zahab-tents/data/images/sarpol_173.jpg,output/predictions/sarpol_173.png,-0.4703584
sarpol_174,sarpol-zahab-tents/data/images/sarpol_174.jpg,output/predictions/sarpol_174.png,-0.4703584
sarpol_175,sarpol-zahab-tents/data/images/sarpol_175.jpg,output/predictions/sarpol_175.png,-0.4703584
sarpol_176,sarpol-zahab-tents/data/images/sarpol_176.jpg,output/predictions/sarpol_176.png,-0.4703584
sarpol_177,sarpol-zahab-tents/data/images/sarpol_177.jpg,output/predictions/sarpol_177.png,-0.4703584
sarpol_178,sarpol-zahab-tents/data/images/sarpol_178.jpg,output/predictions/sarpol_178.png,-0.4703584
sarpol_179,sarpol-zahab-tents/data/images/sarpol_179.jpg,output/predictions/sarpol_179.png,-0.4703584
sarpol_180,sarpol-zahab-tents/data/images/sarpol_180.jpg,output/predictions/sarpol_180.png,-0.4703584
sarpol_181,sarpol-zahab-tents/data/images/sarpol_181.jpg,output/predictions/sarpol_181.png,-0.4703584
sarpol_182,sarpol-zahab-tents/data/images/sarpol_182.jpg,output/predictions/sarpol_182.png,-0.4703584
sarpol_183,sarpol-zahab-tents/data/images/sarpol_183.jpg,output/predictions/sarpol_183.png,-0.4703584
sarpol_184,sarpol-zahab-tents/data/images/sarpol_184.jpg,output/predictions/sarpol_184.png,-0.4703584
sarpol_185,sarpol-zahab-tents/data/images/sarpol_185.jpg,output/predictions/sarpol_185.png,-0.4703584
sarpol_186,sarpol-zahab-tents/data/images/sarpol_186.jpg,output/predictions/sarpol_186.png,-0.4703584
sarpol_187,sarpol-zahab-tents/data/images/sarpol_187.jpg,output/predictions/sarpol_187.png,-0.4703584
sarpol_188,sarpol-zahab-tents/data/images/sarpol_188.jpg,output/predictions/sarpol_188.png,-0.4703584
sarpol_189,sarpol-zahab-tents/data/images/sarpol_189.jpg,output/predictions/sarpol_189.png,-0.4703584
sarpol_190,sarpol-zahab-tents/data/images/sarpol_190.jpg,output/predictions/sarpol_190.png,-0.4703584
sarpol_191,sarpol-zahab-tents/data/images/sarpol_191.jpg,output/predictions/sarpol_191.png,-0.4703584
sarpol_192,sarpol-zahab-tents/data/images/sarpol_192.jpg,output/predictions/sarpol_192.png,-0.4703584
sarpol_193,sarpol-zahab-tents/data/images/sarpol_193.jpg,output/predictions/sarpol_193.png,-0.4703584
sarpol_194,sarpol-zahab-tents/data/images/sarpol_194.jpg,output/predictions/sarpol_194.png,-0.4703584
sarpol_195,sarpol-zahab-tents/data/images/sarpol_195.jpg,output/predictions/sarpol_195.png,-0.4703584
sarpol_196,sarpol-zahab-tents/data/images/sarpol_196.jpg,output/predictions/sarpol_196.png,-0.4703584
sarpol_197,sarpol-zahab-tents/data/images/sarpol_197.jpg,output/predictions/sarpol_197.png,-0.4703584
sarpol_198,sarpol-zahab-tents/data/images/sarpol_198.jpg,output/predictions/sarpol_198.png,-0.4703584
sarpol_199,sarpol-zahab-tents/data/images/sarpol_199.jpg,output/predictions/sarpol_199.png,-0.4703584
sarpol_200,sarpol-zahab-tents/data/images/sarpol_200.jpg,output/predictions/sarpol_200.png,-0.4703584
sarpol_201,sarpol-zahab-tents/data/images/sarpol_201.jpg,output/predictions/sarpol_201.png,-0.4703584
sarpol_202,sarpol-zahab-tents/data/images/sarpol_202.jpg,output/predictions/sarpol_202.png,-0.4703584
sarpol_203,sarpol-zahab-tents/data/images/sarpol_203.jpg,output/predictions/sarpol_203.png,-0.4703584
sarpol_204,sarpol-zahab-tents/data/images/sarpol_204.jpg,output/predictions/sarpol_204.png,-0.4703584
sarpol_205,sarpol-zahab-tents/data/images/sarpol_205.jpg,output/predictions/sarpol_205.png,-0.4703584
sarpol_206,sarpol-zahab-tents/data/images/sarpol_206.jpg,output/predictions/sarpol_206.png,-0.4703584
sarpol_207,sarpol-zahab-tents/data/images/sarpol_207.jpg,output/predictions/sarpol_207.png,-0.4703584
sarpol_208,sarpol-zahab-tents/data/images/sarpol_208.jpg,output/predictions/sarpol_208.png,-0.4703584
sarpol_209,sarpol-zahab-tents/data/images/sarpol_209.jpg,output/predictions/sarpol_209.png,-0.4703584
sarpol_210,sarpol-zahab-tents/data/images/sarpol_210.jpg,output/predictions/sarpol_210.png,-0.4703584
sarpol_211,sarpol-zahab-tents/data/images/sarpol_211.jpg,output/predictions/sarpol_211.png,-0.4703584
sarpol_212,sarpol-zahab-tents/data/images/sarpol_212.jpg,output/predictions/sarpol_212.png,-0.4703584
sarpol_213,sarpol-zahab-tents/data/images/sarpol_213.jpg,output/predictions/sarpol_213.png,-0.4703584
sarpol_214,sarpol-zahab-tents/data/images/sarpol_214.jpg,output/predictions/sarpol_214.png,-0.4703584
sarpol_215,sarpol-zahab-tents/data/images/sarpol_215.jpg,output/predictions/sarpol_215.png,-0.4703584
sarpol_216,sarpol-zahab-tents/data/images/sarpol_216.jpg,output/predictions/sarpol_216.png,-0.4703584
sarpol_217,sarpol-zahab-tents/data/images/sarpol_217.jpg,output/predictions/sarpol_217.png,-0.4703584
sarpol_218,sarpol-zahab-tents/data/images/sarpol_218.jpg,output/predictions/sarpol_218.png,-0.4703584
sarpol_219,sarpol-zahab-tents/data/images/sarpol_219.jpg,output/predictions/sarpol_219.png,-0.4703584
sarpol_220,sarpol-zahab-tents/data/images/sarpol_220.jpg,output/predictions/sarpol_220.png,-0.4703584
sarpol_221,sarpol-zahab-tents/data/images/sarpol_221.jpg,output/predictions/sarpol_221.png,-0.4703584
sarpol_222,sarpol-zahab-tents/data/images/sarpol_222.jpg,output/predictions/sarpol_222.png,-0.4703584
sarpol_223,sarpol-zahab-tents/data/images/sarpol_223.jpg,output/predictions/sarpol_223.png,-0.4703584
sarpol_224,sarpol-zahab-tents/data/images/sarpol_224.jpg,output/predictions/sarpol_224.png,-0.4703584
sarpol_225,sarpol-zahab-tents/data/images/sarpol_225.jpg,output/predictions/sarpol_225.png,-0.4703584
sarpol_226,sarpol-zahab-tents/data/images/sarpol_226.jpg,output/predictions/sarpol_226.png,-0.4703584
sarpol_227,sarpol-zahab-tents/data/images/sarpol_227.jpg,output/predictions/sarpol_227.png,-0.4703584
sarpol_228,sarpol-zahab-tents/data/images/sarpol_228.jpg,output/predictions/sarpol_228.png,-0.4703584
sarpol_229,sarpol-zahab-tents/data/images/sarpol_229.jpg,output/predictions/sarpol_229.png,-0.4703584
sarpol_230,sarpol-zahab-tents/data/images/sarpol_230.jpg,output/predictions/sarpol_230.png,-0.4703584
sarpol_231,sarpol-zahab-tents/data/images/sarpol_231.jpg,output/predictions/sarpol_231.png,-0.4703584
sarpol_232,sarpol-zahab-tents/data/images/sarpol_232.jpg,output/predictions/sarpol_232.png,-0.4703584
sarpol_233,sarpol-zahab-tents/data/images/sarpol_233.jpg,output/predictions/sarpol_233.png,-0.4703584
sarpol_234,sarpol-zahab-tents/data/images/sarpol_234.jpg,output/predictions/sarpol_234.png,-0.4703584
sarpol_235,sarpol-zahab-tents/data/images/sarpol_235.jpg,output/predictions/sarpol_235.png,-0.4703584
sarpol_236,sarpol-zahab-tents/data/images/sarpol_236.jpg,output/predictions/sarpol_236.png,-0.4703584
sarpol_237,sarpol-zahab-tents/data/images/sarpol_237.jpg,output/predictions/sarpol_237.png,-0.4703584
sarpol_238,sarpol-zahab-tents/data/images/sarpol_238.jpg,output/predictions/sarpol_238.png,-0.4703584
sarpol_239,sarpol-zahab-tents/data/images/sarpol_239.jpg,output/predictions/sarpol_239.png,-0.4703584
sarpol_240,sarpol-zahab-tents/data/images/sarpol_240.jpg,output/predictions/sarpol_240.png,-0.4703584
sarpol_241,sarpol-zahab-tents/data/images/sarpol_241.jpg,output/predictions/sarpol_241.png,-0.4703584
sarpol_242,sarpol-zahab-tents/data/images/sarpol_242.jpg,output/predictions/sarpol_242.png,-0.4703584
sarpol_243,sarpol-zahab-tents/data/images/sarpol_243.jpg,output/predictions/sarpol_243.png,-0.4703584
sarpol_244,sarpol-zahab-tents/data/images/sarpol_244.jpg,output/predictions/sarpol_244.png,-0.4703584
sarpol_245,sarpol-zahab-tents/data/images/sarpol_245.jpg,output/predictions/sarpol_245.png,-0.4703584
sarpol_246,sarpol-zahab-tents/data/images/sarpol_246.jpg,output/predictions/sarpol_246.png,-0.4703584
sarpol_247,sarpol-zahab-tents/data/images/sarpol_247.jpg,output/predictions/sarpol_247.png,-0.4703584
sarpol_248,sarpol-zahab-tents/data/images/sarpol_248.jpg,output/predictions/sarpol_248.png,-0.4703584
sarpol_249,sarpol-zahab-tents/data/images/sarpol_249.jpg,output/predictions/sarpol_249.png,-0.4703584
sarpol_250,sarpol-zahab-tents/data/images/sarpol_250.jpg,output/predictions/sarpol_250.png,-0.4703584
sarpol_251,sarpol-zahab-tents/data/images/sarpol_251.jpg,output/predictions/sarpol_251.png,-0.4703584
sarpol_252,sarpol-zahab-tents/data/images/sarpol_252.jpg,output/predictions/sarpol_252.png,-0.4703584
sarpol_253,sarpol-zahab-tents/data/images/sarpol_253.jpg,output/predictions/sarpol_253.png,-0.4703584
sarpol_254,sarpol-zahab-tents/data/images/sarpol_254.jpg,output/predictions/sarpol_254.png,-0.4703584
sarpol_255,sarpol-zahab-tents/data/images/sarpol_255.jpg,output/predictions/sarpol_255.png,-0.4703584
sarpol_256,sarpol-zahab-tents/data/images/sarpol_256.jpg,output/predictions/sarpol_256.png,-0.4703584
